<code_scheme name="Default" version="173">
  <option name="LINE_SEPARATOR" value="&#10;" />
  <option name="WRAP_WHEN_TYPING_REACHES_RIGHT_MARGIN" value="true" />
  <JavaCodeStyleSettings>
    <option name="LAYOUT_STATIC_IMPORTS_SEPARATELY" value="false" />
    <option name="CLASS_COUNT_TO_USE_IMPORT_ON_DEMAND" value="500" />
    <option name="NAMES_COUNT_TO_USE_IMPORT_ON_DEMAND" value="500" />
    <option name="IMPORT_LAYOUT_TABLE">
      <value>
        <package name="" withSubpackages="true" static="false" />
        <emptyLine />
        <package name="javax" withSubpackages="false" static="false" />
        <package name="java" withSubpackages="false" static="false" />
        <emptyLine />
      </value>
    </option>
  </JavaCodeStyleSettings>
  <codeStyleSettings language="JAVA">
    <option name="LINE_COMMENT_AT_FIRST_COLUMN" value="false" />
    <option name="LINE_COMMENT_ADD_SPACE" value="true" />
    <option name="LINE_COMMENT_ADD_SPACE_ON_REFORMAT" value="true" />
  </codeStyleSettings>
  <codeStyleSettings language="XML">
    <option name="LINE_COMMENT_AT_FIRST_COLUMN" value="false" />
  </codeStyleSettings>
</code_scheme>