<application>
  <component name="ProjectManager">
    <defaultProject>
      <component name="AutoImportSettings">
        <option name="autoReloadType" value="SELECTIVE" />
      </component>
      <component name="CodeInsightWorkspaceSettings">
        <option name="optimizeImportsOnTheFly" value="true" />
      </component>
      <component name="CompilerConfiguration">
        <option name="BUILD_PROCESS_HEAP_SIZE" value="1024" />
        <bytecodeTargetLevel target="17" />
      </component>
      <component name="Encoding" defaultCharsetForPropertiesFiles="UTF-8">
        <file url="PROJECT" charset="UTF-8" />
      </component>
      <component name="MavenImportPreferences">
        <option name="generalSettings">
          <MavenGeneralSettings>
            <option name="localRepository" value="F:\DevCacheFile\.m2\repository" />
            <option name="userSettingsFile" value="D:\editor\java\maven\conf\settings.xml" />
          </MavenGeneralSettings>
        </option>
      </component>
      <component name="ProjectDictionaryState">
        <dictionary name="Administrator" />
      </component>
      <component name="ProjectInspectionProfilesVisibleTreeState">
        <entry key="Project Default">
          <profile-state>
            <expanded-state>
              <State />
              <State>
                <id>Bean 验证</id>
              </State>
              <State>
                <id>CDI (上下文和依赖项注入)</id>
              </State>
              <State>
                <id>EditorConfig</id>
              </State>
              <State>
                <id>GRPC requests validity</id>
              </State>
              <State>
                <id>HTML</id>
              </State>
              <State>
                <id>HTTP 客户端</id>
              </State>
              <State>
                <id>JSON 和 JSON5</id>
              </State>
              <State>
                <id>JSONPath</id>
              </State>
              <State>
                <id>JUnitJava</id>
              </State>
              <State>
                <id>JVM 语言</id>
              </State>
              <State>
                <id>Java</id>
              </State>
              <State>
                <id>Java 11Java 语言级别迁移帮助Java</id>
              </State>
              <State>
                <id>Java 14Java 语言级别迁移帮助Java</id>
              </State>
              <State>
                <id>Java 16Java 语言级别迁移帮助Java</id>
              </State>
              <State>
                <id>Java 5Java 语言级别迁移帮助Java</id>
              </State>
              <State>
                <id>Java 7Java 语言级别迁移帮助Java</id>
              </State>
              <State>
                <id>Java 8Java 语言级别迁移帮助Java</id>
              </State>
              <State>
                <id>Java 9Java 语言级别迁移帮助Java</id>
              </State>
              <State>
                <id>Java EE</id>
              </State>
              <State>
                <id>Java 语言级别迁移帮助Java</id>
              </State>
              <State>
                <id>Java 语言级迁移帮助Java</id>
              </State>
              <State>
                <id>Java 语言级问题Java</id>
              </State>
              <State>
                <id>JavaBeans 问题Java</id>
              </State>
              <State>
                <id>JavadocJava</id>
              </State>
              <State>
                <id>LombokJava</id>
              </State>
              <State>
                <id>Micronaut</id>
              </State>
              <State>
                <id>MutinyReactive Streams</id>
              </State>
              <State>
                <id>OpenAPI 规范</id>
              </State>
              <State>
                <id>Quarkus</id>
              </State>
              <State>
                <id>RELAX NG</id>
              </State>
              <State>
                <id>Reactive Streams</id>
              </State>
              <State>
                <id>ReactorReactive Streams</id>
              </State>
              <State>
                <id>Shell 脚本</id>
              </State>
              <State>
                <id>Spring</id>
              </State>
              <State>
                <id>Spring AOPSpring</id>
              </State>
              <State>
                <id>Spring BootSpring</id>
              </State>
              <State>
                <id>Spring Cloud StreamSpring</id>
              </State>
              <State>
                <id>Spring CloudSpring</id>
              </State>
              <State>
                <id>Spring CoreSpring</id>
              </State>
              <State>
                <id>Spring IntegrationSpring</id>
              </State>
              <State>
                <id>Spring SecuritySpring</id>
              </State>
              <State>
                <id>TestNGJava</id>
              </State>
              <State>
                <id>Velocity</id>
              </State>
              <State>
                <id>XMLSpring CoreSpring</id>
              </State>
              <State>
                <id>toString() 问题Java</id>
              </State>
              <State>
                <id>为 null 性问题可能的 bugJava</id>
              </State>
              <State>
                <id>代码Spring CoreSpring</id>
              </State>
              <State>
                <id>代码成熟度Java</id>
              </State>
              <State>
                <id>代码样式问题Java</id>
              </State>
              <State>
                <id>克隆问题Java</id>
              </State>
              <State>
                <id>内存Java</id>
              </State>
              <State>
                <id>冗余修饰符LombokJava</id>
              </State>
              <State>
                <id>初始化Java</id>
              </State>
              <State>
                <id>反射访问Java</id>
              </State>
              <State>
                <id>可移植性Java</id>
              </State>
              <State>
                <id>可能的 bugJava</id>
              </State>
              <State>
                <id>可见性Java</id>
              </State>
              <State>
                <id>命名约定Java</id>
              </State>
              <State>
                <id>国际化</id>
              </State>
              <State>
                <id>国际化Java</id>
              </State>
              <State>
                <id>声明冗余Java</id>
              </State>
              <State>
                <id>安全性</id>
              </State>
              <State>
                <id>安全性Java</id>
              </State>
              <State>
                <id>完成Java</id>
              </State>
              <State>
                <id>导入Java</id>
              </State>
              <State>
                <id>封装Java</id>
              </State>
              <State>
                <id>嵌入式性能Java</id>
              </State>
              <State>
                <id>常规</id>
              </State>
              <State>
                <id>并发注解问题Java</id>
              </State>
              <State>
                <id>序列化问题Java</id>
              </State>
              <State>
                <id>性能Java</id>
              </State>
              <State>
                <id>抽象问题Java</id>
              </State>
              <State>
                <id>按位运算问题Java</id>
              </State>
              <State>
                <id>控制流问题Java</id>
              </State>
              <State>
                <id>数值问题Java</id>
              </State>
              <State>
                <id>数据流Java</id>
              </State>
              <State>
                <id>方法命名约定Java</id>
              </State>
              <State>
                <id>方法指标Java</id>
              </State>
              <State>
                <id>日志记录JVM 语言</id>
              </State>
              <State>
                <id>模式验证</id>
              </State>
              <State>
                <id>正则表达式</id>
              </State>
              <State>
                <id>测试框架JVM 语言</id>
              </State>
              <State>
                <id>测试框架Java</id>
              </State>
              <State>
                <id>类命名约定Java</id>
              </State>
              <State>
                <id>类结构Java</id>
              </State>
              <State>
                <id>线程问题Java</id>
              </State>
              <State>
                <id>继承问题Java</id>
              </State>
              <State>
                <id>编译器问题Java</id>
              </State>
              <State>
                <id>记录Java</id>
              </State>
              <State>
                <id>设置Spring CoreSpring</id>
              </State>
              <State>
                <id>详细或冗余的代码结构Java</id>
              </State>
              <State>
                <id>语言注入</id>
              </State>
              <State>
                <id>资源管理Java</id>
              </State>
              <State>
                <id>赋值问题Java</id>
              </State>
              <State>
                <id>转换数值问题Java</id>
              </State>
              <State>
                <id>通用Reactive Streams</id>
              </State>
              <State>
                <id>错误处理Java</id>
              </State>
            </expanded-state>
            <selected-state>
              <State>
                <id>AOP</id>
              </State>
            </selected-state>
          </profile-state>
        </entry>
      </component>
      <component name="ProjectRootManager" version="2" languageLevel="JDK_11" project-jdk-name="11" project-jdk-type="JavaSDK" />
      <component name="PropertiesComponent"><![CDATA[{
  "keyToString": {
    "project.structure.last.edited": "项目",
    "project.structure.proportion": "0.0",
    "project.structure.side.proportion": "0.0",
    "settings.editor.selected.configurable": "Errors"
  }
}]]></component>
      <component name="TaskManager">
        <task active="true" id="Default" summary="默认任务">
          <created>1730471972507</created>
          <option name="number" value="Default" />
          <option name="presentableId" value="Default" />
          <updated>1730471972507</updated>
        </task>
        <servers />
      </component>
      <component name="WindowStateProjectService">
        <state x="-1402" y="496" key="FileChooserDialogImpl" timestamp="1730467143550">
          <screen x="-2160" y="-1481" width="2160" height="3792" />
        </state>
        <state x="-1402" y="496" key="FileChooserDialogImpl/0.0.2560.1392/-2160.-1481.2160.3792" timestamp="1730467143550" />
        <state x="-1810" y="332" width="1366" height="944" key="SettingsEditor" timestamp="1730473623523">
          <screen x="-2160" y="-1481" width="2160" height="3792" />
        </state>
        <state x="-1810" y="332" width="1366" height="944" key="SettingsEditor/0.0.2560.1392/-2160.-1481.2160.3792" timestamp="1730473623523" />
      </component>
      <component name="masterDetails">
        <states>
          <state key="GlobalLibrariesConfigurable.UI" />
          <state key="JdkListConfigurable.UI" />
          <state key="ProjectLibrariesConfigurable.UI" />
        </states>
      </component>
    </defaultProject>
  </component>
</application>