<application>
  <component name="ProjectManager">
    <defaultProject>
      <component name="AutoImportSettings">
        <option name="autoReloadType" value="SELECTIVE" />
      </component>
      <component name="CodeInsightWorkspaceSettings">
        <option name="optimizeImportsOnTheFly" value="true" />
      </component>
      <component name="CompilerConfiguration">
        <option name="BUILD_PROCESS_HEAP_SIZE" value="1024" />
        <bytecodeTargetLevel target="17" />
      </component>
      <component name="Encoding" defaultCharsetForPropertiesFiles="UTF-8">
        <file url="PROJECT" charset="UTF-8" />
      </component>
      <component name="MavenImportPreferences">
        <option name="generalSettings">
          <MavenGeneralSettings>
            <option name="localRepository" value="F:\DevCacheFile\.m2\repository" />
            <option name="mavenHome" value="D:/editor/java/maven" />
            <option name="userSettingsFile" value="D:\editor\java\maven\conf\settings.xml" />
          </MavenGeneralSettings>
        </option>
      </component>
      <component name="ProjectDictionaryState">
        <dictionary name="Administrator" />
      </component>
      <component name="ProjectInspectionProfilesVisibleTreeState">
        <entry key="Project Default">
          <profile-state>
            <expanded-state>
              <State />
              <State>
                <id>JVM 语言</id>
              </State>
              <State>
                <id>Java</id>
              </State>
              <State>
                <id>代码成熟度Java</id>
              </State>
              <State>
                <id>可能的 bugJava</id>
              </State>
              <State>
                <id>可见性Java</id>
              </State>
              <State>
                <id>安全性</id>
              </State>
              <State>
                <id>嵌入式性能Java</id>
              </State>
              <State>
                <id>性能Java</id>
              </State>
              <State>
                <id>打包问题Java</id>
              </State>
              <State>
                <id>资源管理Java</id>
              </State>
              <State>
                <id>赋值问题Java</id>
              </State>
            </expanded-state>
            <selected-state>
              <State>
                <id>AOP</id>
              </State>
            </selected-state>
          </profile-state>
        </entry>
      </component>
      <component name="ProjectRootManager" version="2" languageLevel="JDK_17" default="false" project-jdk-name="17" project-jdk-type="JavaSDK" />
      <component name="ProjectViewState">
        <option name="hideEmptyMiddlePackages" value="true" />
        <option name="showLibraryContents" value="true" />
      </component>
      <component name="PropertiesComponent"><![CDATA[{
  "keyToString": {
    "project.structure.last.edited": "项目",
    "project.structure.proportion": "0.0",
    "project.structure.side.proportion": "0.2",
    "settings.editor.selected.configurable": "MavenSettings"
  }
}]]></component>
      <component name="TaskManager">
        <task active="true" id="Default" summary="默认任务">
          <created>1730471972507</created>
          <option name="number" value="Default" />
          <option name="presentableId" value="Default" />
          <updated>1730471972507</updated>
        </task>
        <servers />
      </component>
      <component name="WindowStateProjectService">
        <state x="-1017" y="489" key="FileChooserDialogImpl" timestamp="1730474526417">
          <screen x="-2160" y="-1481" width="2160" height="3792" />
        </state>
        <state x="-1017" y="489" key="FileChooserDialogImpl/0.0.2560.1392/-2160.-1481.2160.3792" timestamp="1730474526417" />
        <state x="-1810" y="332" width="1366" height="944" key="SettingsEditor" timestamp="1730524689076">
          <screen x="-2160" y="-1481" width="2160" height="3792" />
        </state>
        <state x="-1810" y="332" key="SettingsEditor.ideScale=110" timestamp="1730527697409">
          <screen x="-2160" y="-1481" width="2160" height="3792" />
        </state>
        <state x="-1810" y="332" key="SettingsEditor.ideScale=110/0.0.2560.1392/-2160.-1481.2160.3792" timestamp="1730527697409" />
        <state x="-1810" y="332" width="1366" height="944" key="SettingsEditor/0.0.2560.1392/-2160.-1481.2160.3792" timestamp="1730524689076" />
      </component>
      <component name="masterDetails">
        <states>
          <state key="GlobalLibrariesConfigurable.UI">
            <settings>
              <splitter-proportions>
                <option name="proportions">
                  <list>
                    <option value="0.2" />
                  </list>
                </option>
              </splitter-proportions>
            </settings>
          </state>
          <state key="JdkListConfigurable.UI">
            <settings>
              <last-edited>17</last-edited>
              <splitter-proportions>
                <option name="proportions">
                  <list>
                    <option value="0.2" />
                  </list>
                </option>
              </splitter-proportions>
            </settings>
          </state>
          <state key="ProjectLibrariesConfigurable.UI">
            <settings>
              <splitter-proportions>
                <option name="proportions">
                  <list>
                    <option value="0.2" />
                  </list>
                </option>
              </splitter-proportions>
            </settings>
          </state>
          <state key="ScopeChooserConfigurable.UI">
            <settings>
              <splitter-proportions>
                <option name="proportions">
                  <list>
                    <option value="0.2" />
                  </list>
                </option>
              </splitter-proportions>
            </settings>
          </state>
        </states>
      </component>
    </defaultProject>
  </component>
</application>