<keymap version="1" name="Sublime Text copy" parent="Sublime Text">
  <action id="CollapseAllRegions">
    <keyboard-shortcut first-keystroke="ctrl k" second-keystroke="ctrl 1" />
    <keyboard-shortcut first-keystroke="alt d" />
  </action>
  <action id="OpenInlineChatAction">
    <keyboard-shortcut first-keystroke="shift ctrl g" />
  </action>
  <action id="ReformatCode">
    <keyboard-shortcut first-keystroke="ctrl alt l" />
    <keyboard-shortcut first-keystroke="shift alt f" />
  </action>
</keymap>